iso2;iso3;fips;isonr;name;name_nl;name_fr;name_es;name_formal;capital;dial;fifa;tld;is_independant;population;language;region;currency;subregion;
AD;AND;AN;20;Andorra;Andorra;Andorre;Andorra;the Principality of Andorra;Andorra la Vella;376;AND;.ad;Yes;78014;ca;Europe;Euro;Southern Europe;Euro
AE;ARE;AE;784;United Arab Emirates;Verenigde Arabische Emiraten;Ámirats arabes unis;Emiratos Árabes Unidos;the United Arab Emirates;Abu Dhabi;971;UAE;.ae;Yes;9154302;"ar-AE;fa;en;hi;ur";Asia;UAE Dirham;Western Asia;UAE Dirham
AF;AFG;AF;4;Afghanistan;Afghanistan;Afghanistan;Afganistán;the Islamic Republic of Afghanistan;Kabul;93;AFG;.af;Yes;33736494;"fa-AF;ps;uz-AF;tk";Asia;Afghani;Southern Asia;Afghani
AG;ATG;AC;28;Antigua and Barbuda;Antigua en Barbuda;Antigua-et-Barbuda;Antigua y Barbuda;Antigua and Barbuda;St. John's;1-268;ATG;.ag;Yes;99923;en-AG;Americas;East Caribbean Dollar;Latin America and the Caribbean;East Caribbean Dollar
AI;AIA;AV;660;Anguilla;Anguilla;Anguilla;Anguila;Anguilla;The Valley;1-264;AIA;.ai;Territory of GB;14611;en-AI;Americas;East Caribbean Dollar;Latin America and the Caribbean;East Caribbean Dollar
AL;ALB;AL;8;Albania;Albanië;Albanie;Albania;the Republic of Albania;Tirana;355;ALB;.al;Yes;2923352;"sq;el";Europe;Lek;Southern Europe;Lek
AM;ARM;AM;51;Armenia;Armenië;Arménie;Armenia;the Republic of Armenia;Yerevan;374;ARM;.am;Yes;291695;hy;Asia;Armenian Dram;Western Asia;Armenian Dram
AO;AGO;AO;24;Angola;Angola;Angola;Angola;the Republic of Angola;Luanda;244;ANG;.ao;Yes;27859305;pt-AO;Africa;Kwanza;Sub-Saharan Africa;Kwanza
AQ;ATA;AY;10;Antarctica;Antarctica;Antarctique;Antártida;Antarctica;;672;ROS;.aq;International;0;;;No universal currency;Antartica;No universal currency
AR;ARG;AR;32;Argentina;Argentinië;Argentine;Argentina;the Argentine Republic;Buenos Aires;54;ARG;.ar;Yes;43417765;"es-AR;en;it;de;fr;gn";Americas;Argentine Peso;Latin America and the Caribbean;Argentine Peso
AS;ASM;AQ;16;American Samoa;Amerikaans-Samoa;Samoa américaines;Samoa Americana;American Samoa;Pago Pago;1-684;ASA;.as;Territory of US;55537;"en-AS;sm;to";Oceania;US Dollar;Polynesia;US Dollar
AT;AUT;AU;40;Austria;Oostenrijk;Autriche;Austria;the Republic of Austria;Vienna;43;AUT;.at;Yes;8678657;"de-AT;hr;hu;sl";Europe;Euro;Western Europe;Euro
AU;AUS;AS;36;Australia;Australië;Australie;Australia;Australia;Canberra;61;AUS;.au;Yes;23799556;en-AU;Oceania;Australian Dollar;Australia and New Zealand;Australian Dollar
AW;ABW;AA;533;Aruba;Aruba;Aruba;Aruba;Aruba;Oranjestad;297;ARU;.aw;Part of NL;104341;"nl-AW;es;en";Americas;Aruban Florin;Latin America and the Caribbean;Aruban Florin
AX;ALA;none;248;Åland Islands;Åland;Îles d'Åland;Islas Åland;Åland Islands;Mariehamn;358;ALD;.ax;Part of FI;28007;sv-AX;Europe;Euro;Northern Europe;Euro
AZ;AZE;AJ;31;Azerbaijan;Azerbeidzjan;Azerbaïdjan;Azerbaiyán;the Republic of Azerbaijan;Baku;994;AZE;.az;Yes;9617484;"az;ru;hy";Asia;Azerbaijan Manat;Western Asia;Azerbaijan Manat
BA;BIH;BK;70;Bosnia and Herzegovina;Bosnië en Herzegovina;Bosnie-Herzégovine;Bosnia y Herzegovina;Bosnia and Herzegovina;Sarajevo;387;BIH;.ba;Yes;3535961;"bs;hr-BA;sr-BA";Europe;Convertible Mark;Southern Europe;Convertible Mark
BB;BRB;BB;52;Barbados;Barbados;Barbade;Barbados;Barbados;Bridgetown;1-246;BRB;.bb;Yes;284217;en-BB;Americas;Barbados Dollar;Latin America and the Caribbean;Barbados Dollar
BD;BGD;BG;50;Bangladesh;Bangladesh;Bangladesh;Bangladesh;the People's Republic of Bangladesh;Dhaka;880;BAN;.bd;Yes;161200886;"bn-BD;en";Asia;Taka;Southern Asia;Taka
BE;BEL;BE;56;Belgium;België;Belgique;Bélgica;the Kingdom of Belgium;Brussels;32;BEL;.be;Yes;1128794;"nl-BE;fr-BE;de-BE";Europe;Euro;Western Europe;Euro
BF;BFA;UV;854;Burkina Faso;Burkina Faso;Burkina Faso;Burkina Faso;Burkina Faso;Ouagadougou;226;BFA;.bf;Yes;18110624;fr-BF;Africa;CFA Franc BCEAO;Sub-Saharan Africa;CFA Franc BCEAO
BG;BGR;BU;100;Bulgaria;Bulgarije;Bulgarie;Bulgaria;the Republic of Bulgaria;Sofia;359;BUL;.bg;Yes;7177396;"bg;tr-BG;rom";Europe;Bulgarian Lev;Eastern Europe;Bulgarian Lev
BH;BHR;BA;48;Bahrain;Bahrein;Bahreïn;Bahrein;the Kingdom of Bahrain;Manama;973;BHR;.bh;Yes;1371855;"ar-BH;en;fa;ur";Asia;Bahraini Dinar;Western Asia;Bahraini Dinar
BI;BDI;BY;108;Burundi;Burundi;Burundi;Burundi;the Republic of Burundi;Bujumbura;257;BDI;.bi;Yes;1019927;"fr-BI;rn";Africa;Burundi Franc;Sub-Saharan Africa;Burundi Franc
BJ;BEN;BN;204;Benin;Benin;Bénin;Benin;the Republic of Benin;Porto-Novo;229;BEN;.bj;Yes;10575952;fr-BJ;Africa;CFA Franc BCEAO;Sub-Saharan Africa;CFA Franc BCEAO
BL;BLM;TB;652;Saint Barthélemy;Saint-Barthélemy;Saint-Barthélemy;San Bartolomé;Saint Barthélemy;Gustavia;590;;.gp;Part of FR;9131;fr;Americas;Euro;Latin America and the Caribbean;Euro
BM;BMU;BD;60;Bermuda;Bermuda;Bermudes;Bermuda;Bermuda;Hamilton;1-441;BER;.bm;Territory of GB;62003;"en-BM;pt";Americas;Bermudian Dollar;Northern America;Bermudian Dollar
BN;BRN;BX;96;Brunei Darussalam;Bahrein;Brunéi Darussalam;Brunei Darussalam;Brunei Darussalam;Bandar Seri Begawan;673;BRU;.bn;Yes;417542;"ms-BN;en-BN";Asia;Brunei Dollar;South-eastern Asia;Brunei Dollar
BO;BOL;BL;68;Bolivia (Plurinational State of);Bolivia;Bolivie (Átat plurinational de);Bolivia (Estado Plurinacional de);the Plurinational State of Bolivia;Sucre;591;BOL;.bo;Yes;10724705;"es-BO;qu;ay";Americas;Boliviano;Latin America and the Caribbean;Boliviano
BQ;BES;NL;535;Bonaire, Sint Eustatius and Saba;Caribisch Nederland;Bonaire, Saint-Eustache et Saba;Bonaire, San Eustaquio y Saba;Bonaire, Sint Eustatius and Saba;;599;ANT;.bq;Part of NL;2457;"nl;pap;en";Americas;US Dollar;Latin America and the Caribbean;US Dollar
BR;BRA;BR;76;Brazil;Brazilië;Brésil;Brasil;the Federative Republic of Brazil;Brasilia;55;BRA;.br;Yes;205962108;"pt-BR;es;en;fr";Americas;Brazilian Real;Latin America and the Caribbean;Brazilian Real
BS;BHS;BF;44;Bahamas;Bahama's;Bahamas;Bahamas;the Commonwealth of the Bahamas;Nassau;1-242;BAH;.bs;Yes;386838;en-BS;Americas;Bahamian Dollar;Latin America and the Caribbean;Bahamian Dollar
BT;BTN;BT;64;Bhutan;Bhutan;Bhoutan;Bhután;the Kingdom of Bhutan;Thimphu;975;BHU;.bt;Yes;787386;dz;Asia;Indian Rupee;Southern Asia;Indian Rupee
BV;BVT;BV;74;Bouvet Island;Bouveteiland;Île Bouvet;Isla Bouvet;Bouvet Island;;47;;.bv;Territory of NO;0;;Americas;Norwegian Krone;Latin America and the Caribbean;Norwegian Krone
BW;BWA;BC;72;Botswana;Botswana;Botswana;Botswana;the Republic of Botswana;Gaborone;267;BOT;.bw;Yes;2209197;"en-BW;tn-BW";Africa;Pula;Sub-Saharan Africa;Pula
BY;BLR;BO;112;Belarus;Wit-Rusland;Bélarus;Belarús;the Republic of Belarus;Minsk;375;BLR;.by;Yes;9485772;"be;ru";Europe;Belarusian Ruble;Eastern Europe;Belarusian Ruble
BZ;BLZ;BH;84;Belize;Belize;Belize;Belice;Belize;Belmopan;501;BLZ;.bz;Yes;359288;"en-BZ;es";Americas;Belize Dollar;Latin America and the Caribbean;Belize Dollar
CA;CAN;CA;124;Canada;Canada;Canada;Canadá;Canada;Ottawa;1;CAN;.ca;Yes;35949709;"en-CA;fr-CA;iu";Americas;Canadian Dollar;Northern America;Canadian Dollar
CC;CCK;CK;166;Cocos (Keeling) Islands;Cocoseilanden;Îles des Cocos (Keeling);Islas Cocos (Keeling);Cocos (Keeling) Islands;West Island;61;CCK;.cc;Territory of AU;596;"ms-CC;en";Oceania;Australian Dollar;Australia and New Zealand;Australian Dollar
CD;COD;CG;180;Democratic Republic of the Congo;Congo, Democratische Republiek;République démocratique du Congo;República Democrática del Congo;the Democratic Republic of the Congo;Kinshasa;243;COD;.cd;Yes;76196619;"fr-CD;ln;kg";Africa;Congolese Franc;Sub-Saharan Africa;Congolese Franc
CF;CAF;CT;140;Central African Republic;Centraal Afrikaanse Republiek;République centrafricaine;República Centroafricana;the Central African Republic;Bangui;236;CTA;.cf;Yes;45461;"fr-CF;sg;ln;kg";Africa;CFA Franc BEAC;Sub-Saharan Africa;CFA Franc BEAC
CG;COG;CF;178;Congo;Congo, Republiek;Congo;Congo;the Republic of the Congo;Brazzaville;242;CGO;.cg;Yes;4995648;"fr-CG;kg;ln-CG";Africa;CFA Franc BEAC;Sub-Saharan Africa;CFA Franc BEAC
CH;CHE;SZ;756;Switzerland;Zwitserland;Suisse;Suiza;the Swiss Confederation;Bern;41;SUI;.ch;Yes;8319769;"de-CH;fr-CH;it-CH;rm";Europe;Swiss Franc;Western Europe;Swiss Franc
CI;CIV;IV;384;C√¥te d'Ivoire;Ivoorkust;C√¥te d'Ivoire;C√¥te d'Ivoire;the Republic of C√¥te d'Ivoire;Yamoussoukro;225;CIV;.ci;Yes;23108472;fr-CI;Africa;CFA Franc BCEAO;Sub-Saharan Africa;CFA Franc BCEAO
CK;COK;CW;184;Cook Islands;Cookeilanden;Îles Cook;Islas Cook;the Cook Islands;Avarua;682;COK;.ck;Associated with NZ;17449;"en-CK;mi";Oceania;New Zealand Dollar;Polynesia;New Zealand Dollar
CL;CHL;CI;152;Chile;Chili;Chili;Chile;the Republic of Chile;Santiago;56;CHI;.cl;Yes;17762681;es-CL;Americas;Chilean Peso;Latin America and the Caribbean;Chilean Peso
CM;CMR;CM;120;Cameroon;Kameroen;Cameroun;Camerún;the Republic of Cameroon;Yaounde;237;CMR;.cm;Yes;22834522;"en-CM;fr-CM";Africa;CFA Franc BEAC;Sub-Saharan Africa;CFA Franc BEAC
CN;CHN;CH;156;China;China;Chine;China;the People's Republic of China;Beijing;86;CHN;.cn;Yes;1397028553;"zh-CN;yue;wuu;dta;ug;za";Asia;Yuan Renminbi;Eastern Asia;Yuan Renminbi
CO;COL;CO;170;Colombia;Colombia;Colombie;Colombia;the Republic of Colombia;Bogota;57;COL;.co;Yes;48228697;es-CO;Americas;Colombian Peso;Latin America and the Caribbean;Colombian Peso
CR;CRI;CS;188;Costa Rica;Costa Rica;Costa Rica;Costa Rica;the Republic of Costa Rica;San Jose;506;CRC;.cr;Yes;4807852;"es-CR;en";Americas;Costa Rican Colon;Latin America and the Caribbean;Costa Rican Colon
CU;CUB;CU;192;Cuba;Cuba;Cuba;Cuba;the Republic of Cuba;Havana;53;CUB;.cu;Yes;11461432;es-CU;Americas;Cuban Peso;Latin America and the Caribbean;Cuban Peso
CV;CPV;CV;132;Cabo Verde;Kaapverdië;Cabo Verde;Cabo Verde;the Republic of Cabo Verde;Praia;238;CPV;.cv;Yes;532913;pt-CV;Africa;Cabo Verde Escudo;Sub-Saharan Africa;Cabo Verde Escudo
CW;CUW;UC;531;Cura√ßao;Curaçao;Cura√ßao;Cura√ßao;Cura√ßao;Willemstad;599;;.cw;Part of NL;15801;"nl;pap";Americas;Netherlands Antillean Guilder;Latin America and the Caribbean;Netherlands Antillean Guilder
CX;CXR;KT;162;Christmas Island;Christmaseiland;Île Christmas;Isla de Navidad;Christmas Island;Flying Fish Cove;61;CXR;.cx;Territory of AU;1402;"en;zh;ms-CC";Oceania;Australian Dollar;Australia and New Zealand;Australian Dollar
CY;CYP;CY;196;Cyprus;Cyprus;Chypre;Chipre;the Republic of Cyprus;Nicosia;357;CYP;.cy;Yes;1160985;"el-CY;tr-CY;en";Asia;Euro;Western Asia;Euro
CZ;CZE;EZ;203;Czechia;Tsjechië;Tchéquie;Chequia;the Czech Republic;Prague;420;CZE;.cz;Yes;10603762;"cs;sk";Europe;Czech Koruna;Eastern Europe;Czech Koruna
DE;DEU;GM;276;Germany;Duitsland;Allemagne;Alemania;the Federal Republic of Germany;Berlin;49;GER;.de;Yes;81707789;de;Europe;Euro;Western Europe;Euro
DJ;DJI;DJ;262;Djibouti;Djibouti;Djibouti;Djibouti;the Republic of Djibouti;Djibouti;253;DJI;.dj;Yes;927414;"fr-DJ;ar;so-DJ;aa";Africa;Djibouti Franc;Sub-Saharan Africa;Djibouti Franc
DK;DNK;DA;208;Denmark;Denemarken;Danemark;Dinamarca;the Kingdom of Denmark;Copenhagen;45;DEN;.dk;Yes;5688695;"da-DK;en;fo;de-DK";Europe;Danish Krone;Northern Europe;Danish Krone
DM;DMA;DO;212;Dominica;Dominica;Dominique;Dominica;the Commonwealth of Dominica;Roseau;1-767;DMA;.dm;Yes;73162;en-DM;Americas;East Caribbean Dollar;Latin America and the Caribbean;East Caribbean Dollar
DO;DOM;DR;214;Dominican Republic;Dominicaanse Republiek;République dominicaine;República Dominicana;the Dominican Republic;Santo Domingo;1-809,1-829,1-849;DOM;.do;Yes;10528394;es-DO;Americas;Dominican Peso;Latin America and the Caribbean;Dominican Peso
DZ;DZA;AG;12;Algeria;Algerije;Algérie;Argelia;the People's Democratic Republic of Algeria;Algiers;213;ALG;.dz;Yes;39871528;ar-DZ;Africa;Algerian Dinar;Northern Africa;Algerian Dinar
EC;ECU;EC;218;Ecuador;Ecuador;Áquateur;Ecuador;the Republic of Ecuador;Quito;593;ECU;.ec;Yes;16144368;es-EC;Americas;US Dollar;Latin America and the Caribbean;US Dollar
EE;EST;EN;233;Estonia;Estland;Estonie;Estonia;the Republic of Estonia;Tallinn;372;EST;.ee;Yes;1315321;"et;ru";Europe;Euro;Northern Europe;Euro
EG;EGY;EG;818;Egypt;Egypte;Ágypte;Egipto;the Arab Republic of Egypt;Cairo;20;EGY;.eg;Yes;93778172;"ar-EG;en;fr";Africa;Egyptian Pound;Northern Africa;Egyptian Pound
EH;ESH;WI;732;Western Sahara;Westelijke Sahara;Sahara occidental;Sáhara Occidental;Western Sahara;El-Aaiun;212;SAH;.eh;In contention;526216;"ar;mey";Africa;Moroccan Dirham;Northern Africa;Moroccan Dirham
ER;ERI;ER;232;Eritrea;Eritrea;Árythrée;Eritrea;the State of Eritrea;Asmara;291;ERI;.er;Yes;4846976;"aa-ER;ar;tig;kun;ti-ER";Africa;Nakfa;Sub-Saharan Africa;Nakfa
ES;ESP;SP;724;Spain;Spanje;Espagne;Espa√±a;the Kingdom of Spain;Madrid;34;ESP;.es;Yes;46397664;"es-ES;ca;gl;eu;oc";Europe;Euro;Southern Europe;Euro
ET;ETH;ET;231;Ethiopia;Ethiopië;Áthiopie;Etiop√≠a;the Federal Democratic Republic of Ethiopia;Addis Ababa;251;ETH;.et;Yes;99873033;"am;en-ET;om-ET;ti-ET;so-ET;sid";Africa;Ethiopian Birr;Sub-Saharan Africa;Ethiopian Birr
FI;FIN;FI;246;Finland;Finland;Finlande;Finlandia;the Republic of Finland;Helsinki;358;FIN;.fi;Yes;5481966;"fi-FI;sv-FI;smn";Europe;Euro;Northern Europe;Euro
FJ;FJI;FJ;242;Fiji;Fiji;Fidji;Fiji;the Republic of Fiji;Suva;679;FIJ;.fj;Yes;892149;"en-FJ;fj";Oceania;Fiji Dollar;Melanesia;Fiji Dollar
FK;FLK;FK;238;Falkland Islands (Malvinas);Falklandeilanden;Îles Falkland (Malvinas);Islas Malvinas (Falkland);Falkland Islands (Malvinas);Stanley;500;FLK;.fk;Territory of GB;2898;en-FK;Americas;No universal currency;Latin America and the Caribbean;No universal currency
FM;FSM;FM;583;Micronesia (Federated States of);Micronesia;Micronésie (Átats fédérés de);Micronesia (Estados Federados de);the Federated States of Micronesia;Palikir;691;FSM;.fm;Yes;104433;"en-FM;chk;pon;yap;kos;uli;woe;nkr;kpg";Oceania;US Dollar;Micronesia;US Dollar
FO;FRO;FO;234;Faroe Islands;Faeröer;Îles Féroé;Islas Feroe;Faroe Islands;Torshavn;298;FRO;.fo;Part of DK;48965;"fo;da-FO";Europe;Danish Krone;Northern Europe;Danish Krone
FR;FRA;FR;250;France;Frankrijk;France;Francia;the French Republic;Paris;33;FRA;.fr;Yes;64457201;"fr-FR;frp;br;co;ca;eu;oc";Europe;Euro;Western Europe;Euro
GA;GAB;GB;266;Gabon;Gabon;Gabon;Gab√≥n;the Gabonese Republic;Libreville;241;GAB;.ga;Yes;1930175;fr-GA;Africa;CFA Franc BEAC;Sub-Saharan Africa;CFA Franc BEAC
GB;GBR;UK;826;United Kingdom of Great Britain and Northern Ireland;Verenigd Koninkrijk;Royaume-Uni de Grande-Bretagne et d'Irlande du Nord;Reino Unido de Gran Breta√±a e Irlanda del Norte;the United Kingdom of Great Britain and Northern Ireland;London;44;ENG,NIR,SCO,WAL;.uk;Yes;6539708;"en-GB;cy-GB;gd";Europe;Pound Sterling;Northern Europe;Pound Sterling
GD;GRD;GJ;308;Grenada;Grenada;Grenade;Granada;Grenada;St. George's;1-473;GRN;.gd;Yes;106823;en-GD;Americas;East Caribbean Dollar;Latin America and the Caribbean;East Caribbean Dollar
GE;GEO;GG;268;Georgia;Georgië;Géorgie;Georgia;Georgia;Tbilisi;995;GEO;.ge;Yes;3951524;"ka;ru;hy;az";Asia;Lari;Western Asia;Lari
GF;GUF;FG;254;French Guiana;Frans-Guyana;Guyane fran√ßaise;Guayana Francesa;French Guiana;Cayenne;594;GUF;.gf;Part of FR;268691;fr-GF;Americas;Euro;Latin America and the Caribbean;Euro
GG;GGY;GK;831;Guernsey;Guernsey;Guernesey;Guernsey;Guernsey;St Peter Port;44;GBG;.gg;Crown dependency of GB;67052;"en;fr";Europe;Pound Sterling;Northern Europe;Pound Sterling
GH;GHA;GH;288;Ghana;Ghana;Ghana;Ghana;the Republic of Ghana;Accra;233;GHA;.gh;Yes;27582821;"en-GH;ak;ee;tw";Africa;Ghana Cedi;Sub-Saharan Africa;Ghana Cedi
GI;GIB;GI;292;Gibraltar;Gibraltar;Gibraltar;Gibraltar;Gibraltar;Gibraltar;350;GBZ;.gi;Territory of GB;34228;"en-GI;es;it;pt";Europe;Gibraltar Pound;Southern Europe;Gibraltar Pound
GL;GRL;GL;304;Greenland;Groenland;Groenland;Groenlandia;Greenland;Nuuk;299;GRL;.gl;Part of DK;56377;"kl;da-GL;en";Americas;Danish Krone;Northern America;Danish Krone
GM;GMB;GA;270;Gambia;Gambia;Gambie;Gambia;the Republic of the Gambia;Banjul;220;GAM;.gm;Yes;197759;"en-GM;mnk;wof;wo;ff";Africa;Dalasi;Sub-Saharan Africa;Dalasi
GN;GIN;GV;324;Guinea;Guinee;Guinée;Guinea;the Republic of Guinea;Conakry;224;GUI;.gn;Yes;12091533;fr-GN;Africa;Guinean Franc;Sub-Saharan Africa;Guinean Franc
GP;GLP;GP;312;Guadeloupe;Guadeloupe;Guadeloupe;Guadalupe;Guadeloupe;Basse-Terre;590;GLP;.gp;Part of FR;450418;fr-GP;Americas;Euro;Latin America and the Caribbean;Euro
GQ;GNQ;EK;226;Equatorial Guinea;Equatoriaal-Guinea;Guinée équatoriale;Guinea Ecuatorial;the Republic of Equatorial Guinea;Malabo;240;EQG;.gq;Yes;1175389;"es-GQ;fr";Africa;CFA Franc BEAC;Sub-Saharan Africa;CFA Franc BEAC
GR;GRC;GR;300;Greece;Griekenland;Grèce;Grecia;the Hellenic Republic;Athens;30;GRE;.gr;Yes;112178;"el-GR;en;fr";Europe;Euro;Southern Europe;Euro
GS;SGS;SX;239;South Georgia and the South Sandwich Islands;Zuid-Georgia en de Zuidelijke Sandwicheilanden;Géorgie du Sud-et-les Îles Sandwich du Sud;Georgia del Sur y las Islas Sandwich del Sur;South Georgia and the South Sandwich Islands;Grytviken;500;;.gs;Territory of GB;30;en;Americas;No universal currency;Latin America and the Caribbean;No universal currency
GT;GTM;GT;320;Guatemala;Guatemala;Guatemala;Guatemala;the Republic of Guatemala;Guatemala City;502;GUA;.gt;Yes;16252429;es-GT;Americas;Quetzal;Latin America and the Caribbean;Quetzal
GU;GUM;GQ;316;Guam;Guam;Guam;Guam;Guam;Hagatna;1-671;GUM;.gu;Territory of US;161797;"en-GU;ch-GU";Oceania;US Dollar;Micronesia;US Dollar
GW;GNB;PU;624;Guinea-Bissau;Guinee-Bissau;Guinée-Bissau;Guinea-Bissau;the Republic of Guinea-Bissau;Bissau;245;GNB;.gw;Yes;1770526;"pt-GW;pov";Africa;CFA Franc BCEAO;Sub-Saharan Africa;CFA Franc BCEAO
GY;GUY;GY;328;Guyana;Guyana;Guyana;Guyana;the Republic of Guyana;Georgetown;592;GUY;.gy;Yes;768514;en-GY;Americas;Guyana Dollar;Latin America and the Caribbean;Guyana Dollar
HK;HKG;HK;344;China, Hong Kong Special Administrative Region;Hongkong;Chine, région administrative spéciale de Hong Kong;China, regi√≥n administrativa especial de Hong Kong;China, Hong Kong Special Administrative Region;Hong Kong;852;HKG;.hk;Part of CN;7451000;"zh-HK;yue;zh;en";Asia;Hong Kong Dollar;Eastern Asia;Hong Kong Dollar
HM;HMD;HM;334;Heard Island and McDonald Islands;Heard en McDonaldeilanden;Île Heard-et-Îles MacDonald;Islas Heard y McDonald;Heard Island and McDonald Islands;;672;;.hm;Territory of AU;0;;Oceania;Australian Dollar;Australia and New Zealand;Australian Dollar
HN;HND;HO;340;Honduras;Honduras;Honduras;Honduras;the Republic of Honduras;Tegucigalpa;504;HON;.hn;Yes;8960829;es-HN;Americas;Lempira;Latin America and the Caribbean;Lempira
HR;HRV;HR;191;Croatia;Kroatië;Croatie;Croacia;the Republic of Croatia;Zagreb;385;CRO;.hr;Yes;4236016;"hr-HR;sr";Europe;Kuna;Southern Europe;Kuna
HT;HTI;HA;332;Haiti;Haïti;Haïti;Hait√≠;the Republic of Haiti;Port-au-Prince;509;HAI;.ht;Yes;10711061;"ht;fr-HT";Americas;Gourde;Latin America and the Caribbean;Gourde
HU;HUN;HU;348;Hungary;Hongarije;Hongrie;Hungr√≠a;Hungary;Budapest;36;HUN;.hu;Yes;9783925;hu-HU;Europe;Forint;Eastern Europe;Forint
ID;IDN;ID;360;Indonesia;Indonesië;Indonésie;Indonesia;the Republic of Indonesia;Jakarta;62;IDN;.id;Yes;258162113;"id;en;nl;jv";Asia;Rupiah;South-eastern Asia;Rupiah
IE;IRL;EI;372;Ireland;Ierland;Irlande;Irlanda;Ireland;Dublin;353;IRL;.ie;Yes;4700107;"en-IE;ga-IE";Europe;Euro;Northern Europe;Euro
IL;ISR;IS;376;Israel;Israël;Israël;Israel;the State of Israel;Jerusalem;972;ISR;.il;Yes;8064547;"he;ar-IL;en-IL;";Asia;New Israeli Sheqel;Western Asia;New Israeli Sheqel
IM;IMN;IM;833;Isle of Man;Isle of Man;Île de Man;Isla de Man;Isle of Man;Douglas;44;GBM;.im;Crown dependency of GB;83167;"en;gv";Europe;Pound Sterling;Northern Europe;Pound Sterling
IN;IND;IN;356;India;India;Inde;India;the Republic of India;New Delhi;91;IND;.in;Yes;130905398;"en-IN;hi;bn;te;mr;ta;ur;gu;kn;ml;or;pa;as;bh;sat;ks;ne;sd;kok;doi;mni;sit;sa;fr;lus;inc";Asia;Indian Rupee;Southern Asia;Indian Rupee
IO;IOT;IO;86;British Indian Ocean Territory;Brits Indische Oceaanterritorium;Territoire britannique de l'océan Indien;Territorio Británico del Océano √çndico;British Indian Ocean Territory;Diego Garcia;246;;.io;Territory of GB;0;en-IO;Africa;US Dollar;Sub-Saharan Africa;US Dollar
IQ;IRQ;IZ;368;Iraq;Irak;Iraq;Iraq;the Republic of Iraq;Baghdad;964;IRQ;.iq;Yes;36115649;"ar-IQ;ku;hy";Asia;Iraqi Dinar;Western Asia;Iraqi Dinar
IR;IRN;IR;364;Iran (Islamic Republic of);Iran;Iran (République islamique d');Irán (República Islámica del);the Islamic Republic of Iran;Tehran;98;IRN;.ir;Yes;79360487;"fa-IR;ku";Asia;Iranian Rial;Southern Asia;Iranian Rial
IS;ISL;IC;352;Iceland;IJsland;Islande;Islandia;the Republic of Iceland;Reykjavik;354;ISL;.is;Yes;330243;"is;en;de;da;sv;no";Europe;Iceland Krona;Northern Europe;Iceland Krona
IT;ITA;IT;380;Italy;Italië;Italie;Italia;the Republic of Italy;Rome;39;ITA;.it;Yes;59504212;"it-IT;de-IT;fr-IT;sc;ca;co;sl";Europe;Euro;Southern Europe;Euro
JE;JEY;JE;832;Jersey;Jersey;Jersey;Jersey;Jersey;Saint Helier;44;GBJ;.je;Crown dependency of GB;97857;"en;pt";Europe;Pound Sterling;Northern Europe;Pound Sterling
JM;JAM;JM;388;Jamaica;Jamaica;Jamaïque;Jamaica;Jamaica;Kingston;1-876;JAM;.jm;Yes;2871934;en-JM;Americas;Jamaican Dollar;Latin America and the Caribbean;Jamaican Dollar
JO;JOR;JO;400;Jordan;Jordan;Jordanie;Jordania;the Hashemite Kingdom of Jordan;Amman;962;JOR;.jo;Yes;9159302;"ar-JO;en";Asia;Jordanian Dinar;Western Asia;Jordanian Dinar
JP;JPN;JA;392;Japan;Japan;Japon;Jap√≥n;Japan;Tokyo;81;JPN;.jp;Yes;127974958;ja;Asia;Yen;Eastern Asia;Yen
KE;KEN;KE;404;Kenya;Kenya;Kenya;Kenya;the Republic of Kenya;Nairobi;254;KEN;.ke;Yes;47236259;"en-KE;sw-KE";Africa;Kenyan Shilling;Sub-Saharan Africa;Kenyan Shilling
KG;KGZ;KG;417;Kyrgyzstan;Kirgizië;Kirghizistan;Kirguistán;the Kyrgyz Republic;Bishkek;996;KGZ;.kg;Yes;5865401;"ky;uz;ru";Asia;Som;Central Asia;Som
KH;KHM;CB;116;Cambodia;Cambodja;Cambodge;Camboya;the Kingdom of Cambodia;Phnom Penh;855;CAM;.kh;Yes;15517635;"km;fr;en";Asia;Riel;South-eastern Asia;Riel
KI;KIR;KR;296;Kiribati;Kiribati;Kiribati;Kiribati;the Republic of Kiribati;Tarawa;686;KIR;.ki;Yes;112407;"en-KI;gil";Oceania;Australian Dollar;Micronesia;Australian Dollar
KM;COM;CN;174;Comoros;Comoren;Comores;Comoras;the Union of the Comoros;Moroni;269;COM;.km;Yes;777424;"ar;fr-KM";Africa;Comorian Franc;Sub-Saharan Africa;Comorian Franc
KN;KNA;SC;659;Saint Kitts and Nevis;Saint Kitts en Nevis;Saint-Kitts-et-Nevis;Saint Kitts y Nevis;Saint Kitts and Nevis;Basseterre;1-869;SKN;.kn;Yes;54288;en-KN;Americas;East Caribbean Dollar;Latin America and the Caribbean;East Caribbean Dollar
KP;PRK;KN;408;Democratic People's Republic of Korea;Noord-Korea;République populaire démocratique de Corée;República Popular Democrática de Corea;the Democratic People's Republic of Korea;Pyongyang;850;PRK;.kp;Yes;25243917;ko-KP;Asia;North Korean Won;Eastern Asia;North Korean Won
KR;KOR;KS;410;Republic of Korea;Zuid-Korea;République de Corée;República de Corea;the Republic of Korea;Seoul;82;KOR;.kr;Yes;50593662;"ko-KR;en";Asia;Won;Eastern Asia;Won
KW;KWT;KU;414;Kuwait;Koeweit;Koweït;Kuwait;the State of Kuwait;Kuwait City;965;KUW;.kw;Yes;3935794;"ar-KW;en";Asia;Kuwaiti Dinar;Western Asia;Kuwaiti Dinar
KY;CYM;CJ;136;Cayman Islands;Kaaimaneilanden;Îles Caïmanes;Islas Caimán;Cayman Islands;George Town;1-345;CAY;.ky;Territory of GB;59963;en-KY;Americas;Cayman Islands Dollar;Latin America and the Caribbean;Cayman Islands Dollar
KZ;KAZ;KZ;398;Kazakhstan;Kazachstan;Kazakhstan;Kazajstán;the Republic of Kazakhstan;Astana;7;KAZ;.kz;Yes;17749648;"kk;ru";Asia;Tenge;Central Asia;Tenge
LA;LAO;LA;418;Lao People's Democratic Republic;Laos;République démocratique populaire lao;República Democrática Popular Lao;the Lao People's Democratic Republic;Vientiane;856;LAO;.la;Yes;6663967;"lo;fr;en";Asia;Lao Kip;South-eastern Asia;Lao Kip
LB;LBN;LE;422;Lebanon;Libanon;Liban;L√≠bano;the Lebanese Republic;Beirut;961;LIB;.lb;Yes;5851479;"ar-LB;fr-LB;en;hy";Asia;Lebanese Pound;Western Asia;Lebanese Pound
LC;LCA;ST;662;Saint Lucia;Saint Lucia;Sainte-Lucie;Santa Luc√≠a;Saint Lucia;Castries;1-758;LCA;.lc;Yes;177206;en-LC;Americas;East Caribbean Dollar;Latin America and the Caribbean;East Caribbean Dollar
LI;LIE;LS;438;Liechtenstein;Liechtenstein;Liechtenstein;Liechtenstein;the Principality of Liechtenstein;Vaduz;423;LIE;.li;Yes;37403;de-LI;Europe;Swiss Franc;Western Europe;Swiss Franc
LK;LKA;CE;144;Sri Lanka;Sri Lanka;Sri Lanka;Sri Lanka;the Democratic Socialist Republic of Sri Lanka;Colombo;94;SRI;.lk;Yes;2071404;"si;ta;en";Asia;Sri Lanka Rupee;Southern Asia;Sri Lanka Rupee
LR;LBR;LI;430;Liberia;Liberia;Libéria;Liberia;the Republic of Liberia;Monrovia;231;LBR;.lr;Yes;4499621;en-LR;Africa;Liberian Dollar;Sub-Saharan Africa;Liberian Dollar
LS;LSO;LT;426;Lesotho;Lesotho;Lesotho;Lesotho;the Kingdom of Lesotho;Maseru;266;LES;.ls;Yes;2174645;"en-LS;st;zu;xh";Africa;Loti;Sub-Saharan Africa;Loti
LT;LTU;LH;440;Lithuania;Litouwen;Lituanie;Lituania;the Republic of Lithuania;Vilnius;370;LTU;.lt;Yes;2931926;"lt;ru;pl";Europe;Euro;Northern Europe;Euro
LU;LUX;LU;442;Luxembourg;Luxemburg;Luxembourg;Luxemburgo;the Grand Duchy of Luxembourg;Luxembourg;352;LUX;.lu;Yes;566741;"lb;de-LU;fr-LU";Europe;Euro;Western Europe;Euro
LV;LVA;LG;428;Latvia;Letland;Lettonie;Letonia;the Republic of Latvia;Riga;371;LVA;.lv;Yes;1992663;"lv;ru;lt";Europe;Euro;Northern Europe;Euro
LY;LBY;LY;434;Libya;Libië;Libye;Libia;Libya;Tripoli;218;LBY;.ly;Yes;6234955;"ar-LY;it;en";Africa;Libyan Dinar;Northern Africa;Libyan Dinar
MA;MAR;MO;504;Morocco;Marokko;Maroc;Marruecos;the Kingdom of Morocco;Rabat;212;MAR;.ma;Yes;34803322;"ar-MA;ber;fr";Africa;Moroccan Dirham;Northern Africa;Moroccan Dirham
MC;MCO;MN;492;Monaco;Monaco;Monaco;M√≥naco;the Principality of Monaco;Monaco;377;MON;.mc;Yes;38307;"fr-MC;en;it";Europe;Euro;Western Europe;Euro
MD;MDA;MD;498;Republic of Moldova;Moldavië;République de Moldova;República de Moldova;the Republic of Moldova;Chisinau;373;MDA;.md;Yes;406598;"ro;ru;gag;tr";Europe;Moldovan Leu;Eastern Europe;Moldovan Leu
ME;MNE;MJ;499;Montenegro;Montenegro;Monténégro;Montenegro;Montenegro;Podgorica;382;MNE;.me;Yes;628178;"sr;hu;bs;sq;hr;rom";Europe;Euro;Southern Europe;Euro
MF;MAF;RN;663;Saint Martin (French Part);Sint-Maarten (F);Saint-Martin (partie fran√ßaise);San Mart√≠n (parte francesa);Saint Martin (French Part);Marigot;590;;.gp;Part of FR;74884;fr;Americas;Euro;Latin America and the Caribbean;Euro
MG;MDG;MA;450;Madagascar;Madagaskar;Madagascar;Madagascar;the Republic of Madagascar;Antananarivo;261;MAD;.mg;Yes;24234088;"fr-MG;mg";Africa;Malagasy Ariary;Sub-Saharan Africa;Malagasy Ariary
MH;MHL;RM;584;Marshall Islands;Marshalleilanden;Îles Marshall;Islas Marshall;the Republic of the Marshall Islands;Majuro;692;MHL;.mh;Yes;52994;"mh;en-MH";Oceania;US Dollar;Micronesia;US Dollar
MK;MKD;MK;807;The former Yugoslav Republic of Macedonia;Noord-Macedonië;ex-République yougoslave de Macédoine;ex República Yugoslava de Macedonia;the former Yugoslav Republic of Macedonia;Skopje;389;MKD;.mk;Yes;2079308;"mk;sq;tr;rmm;sr";Europe;Denar;Southern Europe;Denar
ML;MLI;ML;466;Mali;Mali;Mali;Mal√≠;the Republic of Mali;Bamako;223;MLI;.ml;Yes;17467905;"fr-ML;bm";Africa;CFA Franc BCEAO;Sub-Saharan Africa;CFA Franc BCEAO
MM;MMR;BM;104;Myanmar;Myanmar;Myanmar;Myanmar;the Republic of the Union of Myanmar;Nay Pyi Taw;95;MYA;.mm;Yes;52403669;my;Asia;Kyat;South-eastern Asia;Kyat
MN;MNG;MG;496;Mongolia;Mongolië;Mongolie;Mongolia;Mongolia;Ulan Bator;976;MNG;.mn;Yes;2976877;"mn;ru";Asia;Tugrik;Eastern Asia;Tugrik
MO;MAC;MC;446;China, Macao Special Administrative Region;Macau;Chine, région administrative spéciale de Macao;China, regi√≥n administrativa especial de Macao;China, Macao Special Administrative Region;Macao;853;MAC;.mo;Part of CN;631636;"zh;zh-MO;pt";Asia;Pataca;Eastern Asia;Pataca
MP;MNP;CQ;580;Northern Mariana Islands;Noordelijke Marianen;Îles Mariannes du Nord;Islas Marianas Septentrionales;Northern Mariana Islands;Saipan;1-670;NMI;.mp;Commonwealth of US;54816;"fil;tl;zh;ch-MP;en-MP";Oceania;US Dollar;Micronesia;US Dollar
MQ;MTQ;MB;474;Martinique;Martinique;Martinique;Martinica;Martinique;Fort-de-France;596;MTQ;.mq;Part of FR;385842;fr-MQ;Americas;Euro;Latin America and the Caribbean;Euro
MR;MRT;MR;478;Mauritania;Mauritanië;Mauritanie;Mauritania;the Islamic Republic of Mauritania;Nouakchott;222;MTN;.mr;Yes;4182341;"ar-MR;fuc;snk;fr;mey;wo";Africa;Ouguiya;Sub-Saharan Africa;Ouguiya
MS;MSR;MH;500;Montserrat;Montserrat;Montserrat;Montserrat;Montserrat;Plymouth;1-664;MSR;.ms;Territory of GB;5124;en-MS;Americas;East Caribbean Dollar;Latin America and the Caribbean;East Caribbean Dollar
MT;MLT;MT;470;Malta;Malta;Malte;Malta;the Republic of Malta;Valletta;356;MLT;.mt;Yes;427616;"mt;en-MT";Europe;Euro;Southern Europe;Euro
MU;MUS;MP;480;Mauritius;Mauritius;Maurice;Mauricio;the Republic of Mauritius;Port Louis;230;MRI;.mu;Yes;1259456;"en-MU;bho;fr";Africa;Mauritius Rupee;Sub-Saharan Africa;Mauritius Rupee
MV;MDV;MV;462;Maldives;Maldiven;Maldives;Maldivas;the Republic of Maldives;Male;960;MDV;.mv;Yes;418403;"dv;en";Asia;Rufiyaa;Southern Asia;Rufiyaa
MW;MWI;MI;454;Malawi;Malawi;Malawi;Malawi;the Republic of Malawi;Lilongwe;265;MWI;.mw;Yes;17573607;"ny;yao;tum;swk";Africa;Malawi Kwacha;Sub-Saharan Africa;Malawi Kwacha
MX;MEX;MX;484;Mexico;Mexico;Mexique;México;the United Mexican States;Mexico City;52;MEX;.mx;Yes;125890949;es-MX;Americas;Mexican Peso;Latin America and the Caribbean;Mexican Peso
MY;MYS;MY;458;Malaysia;Malaysia;Malaisie;Malasia;Malaysia;Kuala Lumpur;60;MAS;.my;Yes;30723155;"ms-MY;en;zh;ta;te;ml;pa;th";Asia;Malaysian Ringgit;South-eastern Asia;Malaysian Ringgit
MZ;MOZ;MZ;508;Mozambique;Mozambique;Mozambique;Mozambique;the Republic of Mozambique;Maputo;258;MOZ;.mz;Yes;28010691;"pt-MZ;vmw";Africa;Mozambique Metical;Sub-Saharan Africa;Mozambique Metical
NA;NAM;WA;516;Namibia;Namibië;Namibie;Namibia;the Republic of Namibia;Windhoek;264;NAM;.na;Yes;2425561;"en-NA;af;de;hz;naq";Africa;Namibia Dollar;Sub-Saharan Africa;Namibia Dollar
NC;NCL;NC;540;New Caledonia;Nieuw-Caledonië;Nouvelle-Calédonie;Nueva Caledonia;New Caledonia;Noumea;687;NCL;.nc;Territory of FR;269091;fr-NC;Oceania;CFP Franc;Melanesia;CFP Franc
NE;NER;NG;562;Niger;Niger;Niger;N√≠ger;the Republic of the Niger;Niamey;227;NIG;.ne;Yes;19896965;"fr-NE;ha;kr;dje";Africa;CFA Franc BCEAO;Sub-Saharan Africa;CFA Franc BCEAO
NF;NFK;NF;574;Norfolk Island;Norfolk eiland;Île Norfolk;Islas Norfolk;Norfolk Island;Kingston;672;NFK;.nf;Territory of AU;2169;en-NF;Oceania;Australian Dollar;Australia and New Zealand;Australian Dollar
NG;NGA;NI;566;Nigeria;Nigeria;Nigéria;Nigeria;the Federal Republic of Nigeria;Abuja;234;NGA;.ng;Yes;181181744;"en-NG;ha;yo;ig;ff";Africa;Naira;Sub-Saharan Africa;Naira
NI;NIC;NU;558;Nicaragua;Nicaragua;Nicaragua;Nicaragua;the Republic of Nicaragua;Managua;505;NCA;.ni;Yes;6082035;"es-NI;en";Americas;Cordoba Oro;Latin America and the Caribbean;Cordoba Oro
NL;NLD;NL;528;Netherlands;Nederland;Pays-Bas;Pa√≠ses Bajos;the Kingdom of the Netherlands;Amsterdam;31;NED;.nl;Yes;16938499;"nl-NL;fy-NL";Europe;Euro;Western Europe;Euro
NO;NOR;NO;578;Norway;Noorwegen;Norvège;Noruega;the Kingdom of Norway;Oslo;47;NOR;.no;Yes;5199836;"no;nb;nn;se;fi";Europe;Norwegian Krone;Northern Europe;Norwegian Krone
NP;NPL;NP;524;Nepal;Nepal;Népal;Nepal;the Federal Democratic Republic of Nepal;Kathmandu;977;NEP;.np;Yes;28656282;"ne;en";Asia;Nepalese Rupee;Southern Asia;Nepalese Rupee
NR;NRU;NR;520;Nauru;Nauru;Nauru;Nauru;the Republic of Nauru;Yaren;674;NRU;.nr;Yes;1126;"na;en-NR";Oceania;Australian Dollar;Micronesia;Australian Dollar
NU;NIU;NE;570;Niue;Niue;Nioué;Niue;Niue;Alofi;683;NIU;.nu;Associated with NZ;1629;"niu;en-NU";Oceania;New Zealand Dollar;Polynesia;New Zealand Dollar
NZ;NZL;NZ;554;New Zealand;Nieuw-Zeeland;Nouvelle-Zélande;Nueva Zelandia;New Zealand;Wellington;64;NZL;.nz;Yes;4614532;"en-NZ;mi";Oceania;New Zealand Dollar;Australia and New Zealand;New Zealand Dollar
OM;OMN;MU;512;Oman;Oman;Oman;Omán;the Sultanate of Oman;Muscat;968;OMA;.om;Yes;419981;"ar-OM;en;bal;ur";Asia;Rial Omani;Western Asia;Rial Omani
PA;PAN;PM;591;Panama;Panama;Panama;Panamá;the Republic of Panama;Panama City;507;PAN;.pa;Yes;3969249;"es-PA;en";Americas;Balboa;Latin America and the Caribbean;Balboa
PE;PER;PE;604;Peru;Peru;Pérou;Perú;the Republic of Peru;Lima;51;PER;.pe;Yes;31376671;"es-PE;qu;ay";Americas;Sol;Latin America and the Caribbean;Sol
PF;PYF;FP;258;French Polynesia;Frans-Polynesië;Polynésie fran√ßaise;Polinesia Francesa;French Polynesia;Papeete;689;TAH;.pf;Territory of FR;27769;"fr-PF;ty";Oceania;CFP Franc;Polynesia;CFP Franc
PG;PNG;PP;598;Papua New Guinea;Papoea-Nieuw-Guinea;Papouasie-Nouvelle-Guinée;Papua Nueva Guinea;Independent State of Papua New Guinea;Port Moresby;675;PNG;.pg;Yes;7919825;"en-PG;ho;meu;tpi";Oceania;Kina;Melanesia;Kina
PH;PHL;RP;608;Philippines;Filipijnen;Philippines;Filipinas;the Republic of the Philippines;Manila;63;PHI;.ph;Yes;101716359;"tl;en-PH;fil";Asia;Philippine Piso;South-eastern Asia;Philippine Piso
PK;PAK;PK;586;Pakistan;Pakistan;Pakistan;Pakistán;the Islamic Republic of Pakistan;Islamabad;92;PAK;.pk;Yes;189380513;"ur-PK;en-PK;pa;sd;ps;brh";Asia;Pakistan Rupee;Southern Asia;Pakistan Rupee
PL;POL;PL;616;Poland;Polen;Pologne;Polonia;the Republic of Poland;Warsaw;48;POL;.pl;Yes;38265226;pl;Europe;Zloty;Eastern Europe;Zloty
PM;SPM;SB;666;Saint Pierre and Miquelon;Saint-Pierre en Miquelon;Saint-Pierre-et-Miquelon;Saint Pierre y Miquelon;Saint Pierre and Miquelon;Saint-Pierre;508;SPM;.pm;Part of FR;629;fr-PM;Americas;Euro;Northern America;Euro
PN;PCN;PC;612;Pitcairn;Pitcairneilanden;Pitcairn;Pitcairn;Pitcairn;Adamstown;870;PCN;.pn;Territory of GB;67;en-PN;Oceania;New Zealand Dollar;Polynesia;New Zealand Dollar
PR;PRI;RQ;630;Puerto Rico;Puerto Rico;Porto Rico;Puerto Rico;Puerto Rico;San Juan;1;PUR;.pr;Commonwealth of US;3673728;"en-PR;es-PR";Americas;US Dollar;Latin America and the Caribbean;US Dollar
PS;PSE;GZ,WE;275;State of Palestine;Palestina;Átat de Palestine;Estado de Palestina;State of Palestine;East Jerusalem;970;PLE;.ps;In contention;4662884;ar-PS;Asia;No universal currency;Western Asia;No universal currency
PT;PRT;PO;620;Portugal;Portugal;Portugal;Portugal;the Portuguese Republic;Lisbon;351;POR;.pt;Yes;10418473;"pt-PT;mwl";Europe;Euro;Southern Europe;Euro
PW;PLW;PS;585;Palau;Palau;Palaos;Palau;the Republic of Palau;Melekeok;680;PLW;.pw;Yes;21288;"pau;sov;en-PW;tox;ja;fil;zh";Oceania;US Dollar;Micronesia;US Dollar
PY;PRY;PA;600;Paraguay;Paraguay;Paraguay;Paraguay;the Republic of Paraguay;Asuncion;595;PAR;.py;Yes;6639119;"es-PY;gn";Americas;Guarani;Latin America and the Caribbean;Guarani
QA;QAT;QA;634;Qatar;Qatar;Qatar;Qatar;the State of Qatar;Doha;974;QAT;.qa;Yes;2481539;"ar-QA;es";Asia;Qatari Rial;Western Asia;Qatari Rial
RE;REU;RE;638;Réunion;Réunion;Réunion;Reuni√≥n;Réunion;Saint-Denis;262;REU;.re;Part of FR;863363;fr-RE;Africa;Euro;Sub-Saharan Africa;Euro
RO;ROU;RO;642;Romania;Roemenië;Roumanie;Rumania;Romania;Bucharest;40;ROU;.ro;Yes;19876621;"ro;hu;rom";Europe;Romanian Leu;Eastern Europe;Romanian Leu
RS;SRB;RI,KV;688;Serbia;Servië;Serbie;Serbia;the Republic of Serbia;Belgrade;381;SRB;.rs;Yes;885128;"sr;hu;bs;rom";Europe;Serbian Dinar;Southern Europe;Serbian Dinar
RU;RUS;RS;643;Russian Federation;Rusland;Fédération de Russie;Federaci√≥n de Rusia;the Russian Federation;Moscow;7;RUS;.ru;Yes;143888004;"ru;tt;xal;cau;ady;kv;ce;tyv;cv;udm;tut;mns;bua;myv;mdf;chm;ba;inh;tut;kbd;krc;av;sah;nog";Europe;Russian Ruble;Eastern Europe;Russian Ruble
RW;RWA;RW;646;Rwanda;Rwanda;Rwanda;Rwanda;the Republic of Rwanda;Kigali;250;RWA;.rw;Yes;11629553;"rw;en-RW;fr-RW;sw";Africa;Rwanda Franc;Sub-Saharan Africa;Rwanda Franc
SA;SAU;SA;682;Saudi Arabia;Saoedi-Arabië;Arabie saoudite;Arabia Saudita;the Kingdom of Saudi Arabia;Riyadh;966;KSA;.sa;Yes;31557144;ar-SA;Asia;Saudi Riyal;Western Asia;Saudi Riyal
SB;SLB;BP;90;Solomon Islands;Salomonseilanden;Îles Salomon;Islas Salom√≥n;Solomon Islands;Honiara;677;SOL;.sb;Yes;587482;"en-SB;tpi";Oceania;Solomon Islands Dollar;Melanesia;Solomon Islands Dollar
SC;SYC;SE;690;Seychelles;Seychellen;Seychelles;Seychelles;the Republic of Seychelles;Victoria;248;SEY;.sc;Yes;93742;"en-SC;fr-SC";Africa;Seychelles Rupee;Sub-Saharan Africa;Seychelles Rupee
SD;SDN;SU;729;Sudan;Soedan;Soudan;Sudán;the Republic of the Sudan;Khartoum;249;SUD;.sd;Yes;38647803;"ar-SD;en;fia";Africa;Sudanese Pound;Northern Africa;Sudanese Pound
SE;SWE;SW;752;Sweden;Zweden;Suède;Suecia;the Kingdom of Sweden;Stockholm;46;SWE;.se;Yes;9763565;"sv-SE;se;sma;fi-SE";Europe;Swedish Krona;Northern Europe;Swedish Krona
SG;SGP;SN;702;Singapore;Singapore;Singapour;Singapur;the Republic of Singapore;Singapore;65;SIN;.sg;Yes;5535262;"cmn;en-SG;ms-SG;ta-SG;zh-SG";Asia;Singapore Dollar;South-eastern Asia;Singapore Dollar
SH;SHN;SH;654;Saint Helena;Sint-Helena, Ascension en Tristan da Cunha;Sainte-Hélène;Santa Elena;Saint Helena;Jamestown;290;SHN;.sh;Territory of GB;4034;en-SH;Africa;Saint Helena Pound;Sub-Saharan Africa;Saint Helena Pound
SI;SVN;SI;705;Slovenia;Slovenia;Slovénie;Eslovenia;the Republic of Slovenia;Ljubljana;386;SVN;.si;Yes;2074788;"sl;sh";Europe;Euro;Southern Europe;Euro
SJ;SJM;SV,JN;744;Svalbard and Jan Mayen Islands;Spitsbergen en Jan Mayen;Îles Svalbard-et-Jan Mayen;Islas Svalbard y Jan Mayen;Svalbard and Jan Mayen Islands;Longyearbyen;47;;.sj;Territory of NO;0;"no;ru";Europe;Norwegian Krone;Northern Europe;Norwegian Krone
SK;SVK;LO;703;Slovakia;Slowakije;Slovaquie;Eslovaquia;the Slovak Republic;Bratislava;421;SVK;.sk;Yes;5439318;"sk;hu";Europe;Euro;Eastern Europe;Euro
SL;SLE;SL;694;Sierra Leone;Sierra Leone;Sierra Leone;Sierra Leona;the Republic of Sierra Leone;Freetown;232;SLE;.sl;Yes;7237025;"en-SL;men;tem";Africa;Leone;Sub-Saharan Africa;Leone
SM;SMR;SM;674;San Marino;San Marino;Saint-Marin;San Marino;the Republic of San Marino;San Marino;378;SMR;.sm;Yes;3296;it-SM;Europe;Euro;Southern Europe;Euro
SN;SEN;SG;686;Senegal;Senegal;Sénégal;Senegal;the Republic of Senegal;Dakar;221;SEN;.sn;Yes;14976994;"fr-SN;wo;fuc;mnk";Africa;CFA Franc BCEAO;Sub-Saharan Africa;CFA Franc BCEAO
SO;SOM;SO;706;Somalia;Somalië;Somalie;Somalia;the Federal Republic of Somalia;Mogadishu;252;SOM;.so;Yes;13908129;"so-SO;ar-SO;it;en-SO";Africa;Somali Shilling;Sub-Saharan Africa;Somali Shilling
SR;SUR;NS;740;Suriname;Suriname;Suriname;Suriname;the Republic of Suriname;Paramaribo;597;SUR;.sr;Yes;553208;"nl-SR;en;srn;hns;jv";Americas;Surinam Dollar;Latin America and the Caribbean;Surinam Dollar
SS;SSD;OD;728;South Sudan;Zuid-Soedan;Soudan du Sud;Sudán del Sur;the Republic of South Sudan;Juba;211;;0;Yes;11882136;en;Africa;South Sudanese Pound;Sub-Saharan Africa;South Sudanese Pound
ST;STP;TP;678;Sao Tome and Principe;Sao Tomé en Principe;Sao Tomé-et-Principe;Santo Tomé y Pr√≠ncipe;the Democratic Republic of Sao Tome and Principe;Sao Tome;239;STP;.st;Yes;195553;pt-ST;Africa;Dobra;Sub-Saharan Africa;Dobra
SV;SLV;ES;222;El Salvador;El Salvador;El Salvador;El Salvador;the Republic of El Salvador;San Salvador;503;SLV;.sv;Yes;6312478;es-SV;Americas;El Salvador Colon;Latin America and the Caribbean;El Salvador Colon
SX;SXM;NN;534;Sint Maarten (Dutch part);Sint Maarten;Saint-Martin (partie néerlandaise);San Mart√≠n (parte holandés);Sint Maarten (Dutch part);Philipsburg;1-721;;.sx;Part of NL;3875;"nl;en";Americas;Netherlands Antillean Guilder;Latin America and the Caribbean;Netherlands Antillean Guilder
SY;SYR;SY;760;Syrian Arab Republic;Syrië;République arabe syrienne;República Árabe Siria;the Syrian Arab Republic;Damascus;963;SYR;.sy;Yes;18734987;"ar-SY;ku;hy;arc;fr;en";Asia;Syrian Pound;Western Asia;Syrian Pound
SZ;SWZ;WZ;748;Swaziland;Swaziland;Swaziland;Swazilandia;the Kingdom of Swaziland;Mbabane;268;SWZ;.sz;Yes;1319011;"en-SZ;ss-SZ";Africa;Lilangeni;Sub-Saharan Africa;Lilangeni
TC;TCA;TK;796;Turks and Caicos Islands;Turks- en Caicoseilanden;Îles Turques-et-Caïques;Islas Turcas y Caicos;Turks and Caicos Islands;Cockburn Town;1-649;TCA;.tc;Territory of GB;34339;en-TC;Americas;US Dollar;Latin America and the Caribbean;US Dollar
TD;TCD;CD;148;Chad;Tsjaad;Tchad;Chad;the Republic of Chad;N'Djamena;235;CHA;.td;Yes;14009413;"fr-TD;ar-TD;sre";Africa;CFA Franc BEAC;Sub-Saharan Africa;CFA Franc BEAC
TF;ATF;FS;260;French Southern Territories;Franse Zuidelijke en Antarctische Gebieden;Terres australes fran√ßaises;Territorio de las Tierras Australes Francesas;French Southern Territories;Port-aux-Francais;262;;.tf;Territory of FR;150;fr;Africa;Euro;Sub-Saharan Africa;Euro
TG;TGO;TO;768;Togo;Togo;Togo;Togo;the Togolese Republic;Lome;228;TOG;.tg;Yes;7416802;"fr-TG;ee;hna;kbp;dag;ha";Africa;CFA Franc BCEAO;Sub-Saharan Africa;CFA Franc BCEAO
TH;THA;TH;764;Thailand;Thailand;Thaïlande;Tailandia;the Kingdom of Thailand;Bangkok;66;THA;.th;Yes;686576;"th;en";Asia;Baht;South-eastern Asia;Baht
TJ;TJK;TI;762;Tajikistan;Tadzjikistan;Tadjikistan;Tayikistán;the Republic of Tajikistan;Dushanbe;992;TJK;.tj;Yes;8548651;"tg;ru";Asia;Somoni;Central Asia;Somoni
TK;TKL;TL;772;Tokelau;Tokelau;Tokélaou;Tokelau;Tokelau;;690;TKL;.tk;Territory of NZ;1252;"tkl;en-TK";Oceania;New Zealand Dollar;Polynesia;New Zealand Dollar
TL;TLS;TT;626;Timor-Leste;Oost-Timor;Timor-Leste;Timor-Leste;the Democratic Republic of Timor-Leste;Dili;670;TLS;.tl;Yes;1240977;"tet;pt-TL;id;en";Asia;US Dollar;South-eastern Asia;US Dollar
TM;TKM;TX;795;Turkmenistan;Turkmenistan;Turkménistan;Turkmenistán;Turkmenistan;Ashgabat;993;TKM;.tm;Yes;5565284;"tk;ru;uz";Asia;Turkmenistan New Manat;Central Asia;Turkmenistan New Manat
TN;TUN;TS;788;Tunisia;Tunesië;Tunisie;Túnez;the Republic of Tunisia;Tunis;216;TUN;.tn;Yes;11273661;"ar-TN;fr";Africa;Tunisian Dinar;Northern Africa;Tunisian Dinar
TO;TON;TN;776;Tonga;Tonga;Tonga;Tonga;the Kingdom of Tonga;Nuku'alofa;676;TGA;.to;Yes;106364;"to;en-TO";Oceania;Pa‚Äôanga;Polynesia;Pa‚Äôanga
TR;TUR;TU;792;Turkey;Turkije;Turquie;Turqu√≠a;the Republic of Turkey;Ankara;90;TUR;.tr;Yes;78271472;"tr-TR;ku;diq;az;av";Asia;Turkish Lira;Western Asia;Turkish Lira
TT;TTO;TD;780;Trinidad and Tobago;Trinidad en Tobago;Trinité-et-Tobago;Trinidad y Tabago;the Republic of Trinidad and Tobago;Port of Spain;1-868;TRI;.tt;Yes;1360092;"en-TT;hns;fr;es;zh";Americas;Trinidad and Tobago Dollar;Latin America and the Caribbean;Trinidad and Tobago Dollar
TV;TUV;TV;798;Tuvalu;Tuvalu;Tuvalu;Tuvalu;Tuvalu;Funafuti;688;TUV;.tv;Yes;11001;"tvl;en;sm;gil";Oceania;Australian Dollar;Polynesia;Australian Dollar
TW;TWN;TW;158;Taiwan;Taiwan;Taiwan;Taiwan;Taiwan, Province of China;Taipei;886;TPE;.tw;Yes;23570000;"zh-TW;zh;nan;hak";;No universal currency;Eastern Asia;No universal currency
TZ;TZA;TZ;834;United Republic of Tanzania;Tanzania;République-Unie de Tanzanie;República Unida de Tanzan√≠a;the United Republic of Tanzania;Dodoma;255;TAN;.tz;Yes;53879957;"sw-TZ;en;ar";Africa;Tanzanian Shilling;Sub-Saharan Africa;Tanzanian Shilling
UA;UKR;UP;804;Ukraine;Oekraïne;Ukraine;Ucrania;Ukraine;Kiev;380;UKR;.ua;Yes;44657704;"uk;ru-UA;rom;pl;hu";Europe;Hryvnia;Eastern Europe;Hryvnia
UG;UGA;UG;800;Uganda;Uganda;Ouganda;Uganda;the Republic of Uganda;Kampala;256;UGA;.ug;Yes;4014487;"en-UG;lg;sw;ar";Africa;Uganda Shilling;Sub-Saharan Africa;Uganda Shilling
UM;UMI;FQ,HQ,DQ,JQ,KQ,MQ,BQ,LQ,WQ;581;United States Minor Outlying Islands;Kleine afgelegen eilanden;Îles mineures éloignées des Átats-Unis;Islas menores alejadas de Estados Unidos;United States Minor Outlying Islands;;;;.um;Territories of US;300;en-UM;Oceania;US Dollar;Micronesia;US Dollar
US;USA;US;840;United States of America;Verenigde Staten;Átats-Unis d'Amérique;Estados Unidos de América;the United States of America;Washington;1;USA;.us;Yes;319929162;"en-US;es-US;haw;fr";Americas;US Dollar;Northern America;US Dollar
UY;URY;UY;858;Uruguay;Uruguay;Uruguay;Uruguay;the Eastern Republic of Uruguay;Montevideo;598;URU;.uy;Yes;3431552;es-UY;Americas;Peso Uruguayo;Latin America and the Caribbean;Peso Uruguayo
UZ;UZB;UZ;860;Uzbekistan;Oezbekistan;Ouzbékistan;Uzbekistán;the Republic of Uzbekistan;Tashkent;998;UZB;.uz;Yes;30976021;"uz;ru;tg";Asia;Uzbekistan Sum;Central Asia;Uzbekistan Sum
VA;VAT;VT;336;Holy See;Vaticaanstad;Saint-Siège;Santa Sede;the Holy See;Vatican City;39-06;VAT;.va;Yes;803;"la;it;fr";Europe;Euro;Southern Europe;Euro
VC;VCT;VC;670;Saint Vincent and the Grenadines;Saint Vincent en de Grenadines;Saint-Vincent-et-les Grenadines;San Vicente y las Granadinas;Saint Vincent and the Grenadines;Kingstown;1-784;VIN;.vc;Yes;109455;"en-VC;fr";Americas;East Caribbean Dollar;Latin America and the Caribbean;East Caribbean Dollar
VE;VEN;VE;862;Venezuela (Bolivarian Republic of);Venezuela;Venezuela (République bolivarienne du);Venezuela (República Bolivariana de);the Bolivarian Republic of Venezuela;Caracas;58;VEN;.ve;Yes;31155134;es-VE;Americas;Bol√≠var;Latin America and the Caribbean;Bol√≠var
VG;VGB;VI;92;British Virgin Islands;Britse Maagdeneilanden;Îles Vierges britanniques;Islas V√≠rgenes Británicas;British Virgin Islands;Road Town;1-284;VGB;.vg;Territory of GB;30113;en-VG;Americas;US Dollar;Latin America and the Caribbean;US Dollar
VI;VIR;VQ;850;United States Virgin Islands;Amerikaanse Maagdeneilanden;Îles Vierges américaines;Islas V√≠rgenes de los Estados Unidos;United States Virgin Islands;Charlotte Amalie;1-340;VIR;.vi;Territory of US;104977;en-VI;Americas;US Dollar;Latin America and the Caribbean;US Dollar
VN;VNM;VM;704;Viet Nam;Vietnam;Viet Nam;Viet Nam;the Socialist Republic of Viet Nam;Hanoi;84;VIE;.vn;Yes;93571567;"vi;en;fr;zh;km";Asia;Dong;South-eastern Asia;Dong
VU;VUT;NH;548;Vanuatu;Vanuatu;Vanuatu;Vanuatu;the Republic of Vanuatu;Port Vila;678;VAN;.vu;Yes;264603;"bi;en-VU;fr-VU";Oceania;Vatu;Melanesia;Vatu
WF;WLF;WF;876;Wallis and Futuna Islands;Wallis en Futuna;Îles Wallis-et-Futuna;Islas Wallis y Futuna;Wallis and Futuna Islands;Mata Utu;681;WLF;.wf;Territory of FR;12066;"wls;fud;fr-WF";Oceania;CFP Franc;Polynesia;CFP Franc
WS;WSM;WS;882;Samoa;Samoa;Samoa;Samoa;the Independent State of Samoa;Apia;685;SAM;.ws;Yes;193759;"sm;en-WS";Oceania;Tala;Polynesia;Tala
YE;YEM;YM;887;Yemen;Jemen;Yémen;Yemen;the Republic of Yemen;Sanaa;967;YEM;.ye;Yes;26916207;ar-YE;Asia;Yemeni Rial;Western Asia;Yemeni Rial
YT;MYT;MF;175;Mayotte;Mayotte;Mayotte;Mayotte;Mayotte;Mamoudzou;262;MYT;.yt;Part of FR;24002;fr-YT;Africa;Euro;Sub-Saharan Africa;Euro
ZA;ZAF;SF;710;South Africa;Zuid-Afrika;Afrique du Sud;Sudáfrica;the Republic of South Africa;Pretoria;27;RSA;.za;Yes;55291225;"zu;xh;af;nso;en-ZA;tn;st;ts;ss;ve;nr";Africa;Rand;Sub-Saharan Africa;Rand
ZM;ZMB;ZA;894;Zambia;Zambia;Zambie;Zambia;the Republic of Zambia;Lusaka;260;ZAM;.zm;Yes;16100587;"en-ZM;bem;loz;lun;lue;ny;toi";Africa;Zambian Kwacha;Sub-Saharan Africa;Zambian Kwacha
ZW;ZWE;ZI;716;Zimbabwe;Zimbabwe;Zimbabwe;Zimbabwe;the Republic of Zimbabwe;Harare;263;ZIM;.zw;Yes;15777451;"en-ZW;sn;nr;nd";Africa;Zimbabwe Dollar;Sub-Saharan Africa;Zimbabwe Dollar